{"prompt": ["the", "dog", "drank", "water", "so", "it"], "trace": {"embedded": [[0.05070806294679642, -0.4758453369140625, -0.19801723957061768, 0.8343319296836853, 0.38202616572380066, 0.36848896741867065, 1.5724220275878906, -0.17374075949192047, -0.6533576250076294, -1.3598096370697021, 0.06089150905609131, -1.2040833234786987, -2.5166661739349365, -0.8427044153213501, -0.8916994333267212, -0.9328321218490601], [-1.5429414510726929, -0.43608683347702026, -0.6815180778503418, 0.62424635887146, 0.8772833347320557, -0.8009567856788635, -0.5326262712478638, 0.9399751424789429, -1.0703709125518799, -1.6578830480575562, -2.216886043548584, -1.0808697938919067, 0.4028671383857727, 1.3981618881225586, -0.9975438117980957, -3.9625110626220703], [-0.9593402147293091, -0.39976710081100464, -2.0930943489074707, -1.1671311855316162, -0.2734413146972656, -1.0953340530395508, -3.0769574642181396, -1.5281505584716797, 2.3173975944519043, 0.04522579908370972, 2.260396718978882, 0.7505049109458923, -0.415040522813797, -1.0414098501205444, -0.6483129262924194, -0.7333008050918579], [2.1903927326202393, -1.8340545892715454, -1.6555736064910889, -1.4092727899551392, 0.9332609176635742, -0.37774205207824707, 0.44501203298568726, -3.270627498626709, -1.806570291519165, 0.9112262725830078, -1.2727265357971191, -0.2930520176887512, 0.14490973949432373, -0.7870327830314636, -0.9522693157196045, 2.5568509101867676], [2.965792179107666, -1.34356689453125, -0.9828556776046753, 2.355653762817383, 0.07150724530220032, 0.8112401962280273, 1.959845781326294, 0.9857445955276489, 0.4091874957084656, 1.3640930652618408, -0.6051420569419861, -2.181529998779297, -1.323528528213501, 0.4424591660499573, -0.1877547651529312, -0.47293415665626526], [-1.396223545074463, -2.8412461280822754, 0.8449604511260986, 3.0995852947235107, -4.744417190551758, 1.492081880569458, -2.5474798679351807, -0.7160478830337524, 0.2250928431749344, 2.2699573040008545, 0.9963214993476868, -1.8603423833847046, -0.6513625979423523, -1.427725076675415, -1.1865442991256714, -1.2152659893035889]], "q": [[[0.023262351751327515, 0.07960563898086548, 0.3630821406841278, 0.04724441468715668, 0.8259186744689941, 0.9906274080276489, 0.34062907099723816, 0.8906166553497314], [2.4934141635894775, 0.5746895670890808, 0.8929588794708252, 1.5263675451278687, 0.20374685525894165, 1.8053723573684692, 1.2649824619293213, 0.5542136430740356], [-0.19232377409934998, 2.6790964603424072, 2.2607316970825195, 0.6632339954376221, -1.0263338088989258, -0.5458858013153076, -0.06562674045562744, -1.7755632400512695], [-2.3038692474365234, -1.2819466590881348, -0.11102795600891113, -1.9346035718917847, 0.39082154631614685, -0.9281161427497864, 2.4872255325317383, -0.6515557765960693], [-1.9513784646987915, -2.3214712142944336, -1.0671522617340088, -1.3210211992263794, 0.7937391996383667, 0.8260897994041443, 0.8032097816467285, 0.6710570454597473], [-6.493711471557617, -1.9078317880630493, 1.9791511297225952, 3.8972010612487793, -2.375251293182373, -0.3829689025878906, -3.3784050941467285, 3.456871509552002]], [[0.6217446327209473, 1.4672149419784546, -0.5039834976196289, 0.7063531875610352, 0.3298099637031555, -1.1663599014282227, 0.8477010726928711, 1.1947163343429565], [1.2687056064605713, 1.9397082328796387, -0.5748936533927917, 0.7988675832748413, 3.0286333560943604, -1.0214648246765137, 0.19647955894470215, 1.1585363149642944], [1.6360445022583008, 0.9667651653289795, -0.31494346261024475, -0.009700536727905273, 1.5421888828277588, -0.47610485553741455, 1.2859822511672974, 0.10271894931793213], [-1.0767251253128052, -0.9096319675445557, 1.136237382888794, 1.4604201316833496, -1.664139747619629, 2.242410659790039, -1.7057623863220215, 1.9702184200286865], [0.3002268075942993, 1.3627359867095947, -1.5276378393173218, 0.3557808995246887, 0.41954368352890015, -1.5671343803405762, 1.3559086322784424, 1.6085281372070312], [-1.140393614768982, -0.7678241729736328, -4.242779731750488, 1.9377458095550537, -2.687607765197754, 0.4364575147628784, 2.909579038619995, 0.0489044189453125]]], "k": [[[0.6905139088630676, -1.4382107257843018, -1.0289592742919922, 0.1386960744857788, -0.3081987500190735, 0.7220385670661926, -0.0688774585723877, 2.2413723468780518], [-5.2943010330200195, -4.653138637542725, -1.4057258367538452, 1.8550916910171509, -2.244837760925293, -2.4257497787475586, -2.419245719909668, 3.4889745712280273], [-0.3025932312011719, 2.070573568344116, 0.8643600344657898, 0.21581721305847168, -0.4186166226863861, -0.7677559852600098, -1.2744115591049194, -0.784319281578064], [1.3696328401565552, 1.2195669412612915, 0.4801311194896698, -1.0217703580856323, 0.48976653814315796, 0.3736250400543213, 0.717518150806427, -0.4914509654045105], [1.2746139764785767, -1.3171188831329346, -1.2973639965057373, -1.7887482643127441, 1.431879997253418, 0.9873508214950562, 1.2457281351089478, 1.2429416179656982], [-1.864129900932312, -1.08682119846344, 0.7164700031280518, 1.1953153610229492, -1.7642724514007568, -0.5149688124656677, -2.2129015922546387, 3.08135986328125]], [[0.15062502026557922, -0.354709267616272, -0.3384310007095337, -1.540622353553772, -0.4840874671936035, 0.12194213271141052, 0.3977164626121521, -2.332021951675415], [2.3975768089294434, 4.299882888793945, -0.48294180631637573, 0.3291318416595459, 1.8403100967407227, -2.580554246902466, 3.696247100830078, 0.6512633562088013], [-2.145293712615967, -0.8076452016830444, 0.4940204620361328, 1.4161303043365479, -2.599670648574829, 0.9263057708740234, -1.3834583759307861, 0.6372125148773193], [1.226703405380249, -1.8506067991256714, 2.2130684852600098, -2.1347856521606445, -0.8499048948287964, 2.1154584884643555, -3.0516982078552246, -1.532615303993225], [-0.35444319248199463, -1.7095947265625, 0.00906553864479065, -2.871394395828247, -0.012873440980911255, -0.5662949681282043, 0.9138067364692688, -1.9908502101898193], [-2.1236963272094727, -2.0315113067626953, -2.652679443359375, 1.4288651943206787, -3.4880013465881348, -0.06253641843795776, 3.2521486282348633, -2.073272943496704]]],